Cluster_ID,n_cases,Mean_Sovereignty,Mean_Globalism,Mean_Dim12,Pct_Sovereignty_Wins,Pct_Crisis,Mean_PageRank
0,14,0.6985714285714286,0.43714285714285717,4.214285714285714,85.71428571428571,35.714285714285715,0.032822688615570285
1,3,0.5466666666666667,0.6533333333333333,6.666666666666667,33.33333333333333,33.33333333333333,0.049271297311404644
2,2,0.78,0.29000000000000004,2.5,100.0,100.0,0.04573156773420645
3,7,0.8714285714285713,0.14285714285714285,1.8571428571428572,100.0,14.285714285714285,0.03204377573657448
4,4,0.175,0.9149999999999999,9.0,0.0,0.0,0.019224725455841987
